title,keywords
Talk:Agricultural machinery industry,"[('added', 6), ('http', 6), ('https', 5), ('archive', 4), ('please', 3), ('user', 3), ('external', 2), ('links', 2), ('changes', 2), ('link', 2)]"
Talk:Arms industry,"[('user', 104), ('arms', 62), ('utc', 62), ('article', 47), ('talk', 40), ('added', 28), ('http', 27), ('world', 25), ('small', 24), ('special', 21)]"
Talk:Automotive industry,"[('user', 14), ('span', 12), ('redirect', 10), ('wikipedia', 10), ('redirects', 10), ('talk', 8), ('file', 7), ('page', 7), ('discussion', 7), ('2023', 7)]"
Talk:Banana industry,"[('user', 11), ('modified', 6), ('bananas', 6), ('production', 5), ('span', 4), ('utc', 4), ('genetically', 4), ('article', 3), ('2020', 3), ('talk', 3)]"
Talk:Bicycle industry,"[('user', 8), ('hello', 3), ('https', 3), ('talk', 3), ('utc', 3), ('bicycle', 2), ('please', 2), ('information', 2), ('changes', 2), ('span', 2)]"
Talk:Chemical industry,"[('user', 8), ('utc', 6), ('added', 3), ('history', 2), ('introduction', 2), ('january', 2), ('2007', 2), ('chemical', 2), ('also', 2), ('page', 2)]"
Talk:Clothing industry,"[('user', 15), ('article', 7), ('talk', 7), ('utc', 7), ('text', 7), ('work', 7), ('source', 6), ('may', 6), ('edit', 6), ('copyvio', 6)]"
Talk:Construction,"[('user', 21), ('talk', 15), ('utc', 9), ('paul', 9), ('article', 9), ('construction', 8), ('page', 8), ('september', 7), ('discussion', 7), ('safety', 6)]"
Talk:Consumer electronics,"[('user', 94), ('utc', 43), ('span', 40), ('color', 39), ('talk', 38), ('2014', 38), ('september', 37), ('http', 28), ('article', 21), ('124', 18)]"
Talk:Cosmetic industry,"[('user', 15), ('span', 6), ('course', 5), ('talk', 5), ('utc', 5), ('us', 5), ('assignment', 4), ('2019', 4), ('countries', 4), ('january', 3)]"
Talk:Culture industry,"[('user', 9), ('utc', 8), ('industry', 5), ('material', 5), ('article', 5), ('page', 4), ('culture', 4), ('original', 3), ('cultural', 3), ('jun', 3)]"
Talk:Drink industry,"[('user', 2), ('bevnet', 1), ('redirects', 1), ('mentioned', 1), ('anywhere', 1), ('page', 1), ('quick', 1), ('search', 1), ('shows', 1), ('media', 1)]"
Talk:Electricity generation,"[('user', 75), ('utc', 46), ('electricity', 33), ('talk', 31), ('generation', 30), ('energy', 24), ('power', 23), ('article', 22), ('fuel', 17), ('may', 16)]"
Talk:Electronics industry,"[('user', 6), ('please', 3), ('utc', 3), ('external', 2), ('links', 2), ('https', 2), ('changes', 2), ('talk', 2), ('december', 2), ('2016', 2)]"
Talk:Energy industry,"[('energy', 20), ('user', 10), ('society', 7), ('https', 7), ('industry', 6), ('added', 5), ('archive', 5), ('http', 5), ('article', 4), ('talk', 4)]"
Talk:Entertainment,"[('user', 5), ('commons', 4), ('biden', 4), ('child', 4), ('playing', 4), ('https', 3), ('page', 3), ('deletion', 3), ('joe', 3), ('tech', 3)]"
Talk:Film industry,"[('user', 65), ('utc', 39), ('film', 33), ('countries', 28), ('added', 25), ('talk', 25), ('http', 20), ('article', 19), ('autosigned', 19), ('data', 19)]"
Talk:Fishing industry,"[('user', 24), ('utc', 13), ('use', 13), ('wikipedia', 12), ('image', 12), ('article', 11), ('please', 11), ('page', 10), ('fish', 9), ('fair', 9)]"
Talk:Floral industry,"[('floriculture', 2), ('1800s', 2), ('user', 2), ('mr', 2), ('article', 1), ('paragraph', 1), ('1', 1), ('industry', 1), ('began', 1), ('late', 1)]"
Talk:Food industry,"[('food', 27), ('user', 25), ('industry', 23), ('utc', 14), ('companies', 13), ('article', 9), ('also', 9), ('like', 9), ('product', 8), ('manufacturers', 8)]"
Talk:Horticulture industry,"[('user', 3), ('course', 2), ('assignment', 2), ('span', 2), ('january', 2), ('2020', 2), ('utc', 2), ('file', 1), ('sciences', 1), ('article', 1)]"
Talk:Hospitality industry,"[('user', 8), ('utc', 7), ('cleaned', 3), ('special', 3), ('industry', 3), ('hospitality', 3), ('b1c0', 3), ('list', 2), ('would', 2), ('see', 2)]"
Talk:Language industry,"[('user', 3), ('services', 2), ('autosigned', 2), ('utc', 2), ('companies', 2), ('although', 1), ('think', 1), ('article', 1), ('valuable', 1), ('information', 1)]"
Talk:Leisure industry,"[('saunas', 1), ('crysaunas', 1), ('could', 1), ('count', 1), ('part', 1), ('leisure', 1), ('industry', 1), ('like', 1), ('https', 1), ('special', 1)]"
Talk:Meat industry,"[('industry', 16), ('article', 15), ('meat', 10), ('user', 7), ('criticism', 6), ('utc', 5), ('information', 5), ('2005', 4), ('sources', 4), ('entry', 4)]"
Talk:Meat-packing industry,"[('https', 3), ('moving', 2), ('page', 2), ('dictionary', 2), ('user', 2), ('opening', 1), ('discussion', 1), ('thoughts', 1), ('industry', 1), ('meatpacking', 1)]"
Talk:Music industry,"[('user', 122), ('music', 94), ('utc', 61), ('talk', 59), ('industry', 55), ('sales', 49), ('article', 45), ('2012', 37), ('http', 36), ('decline', 32)]"
Talk:Petroleum industry,"[('oil', 10), ('user', 9), ('industry', 6), ('first', 6), ('talk', 4), ('utc', 4), ('drilled', 4), ('mirzoev', 4), ('ivan', 3), ('one', 3)]"
Talk:Pharmaceutical industry,"[('user', 16), ('talk', 7), ('utc', 7), ('article', 4), ('course', 4), ('assignment', 4), ('2021', 4), ('2022', 4), ('section', 4), ('january', 3)]"
Talk:Poverty industry,"[('user', 3), ('course', 2), ('assignment', 2), ('span', 2), ('15', 2), ('january', 2), ('2019', 2), ('file', 1), ('sciences', 1), ('article', 1)]"
Talk:Power engineering,"[('power', 33), ('user', 23), ('article', 21), ('utc', 16), ('talk', 10), ('first', 8), ('station', 8), ('subject', 7), ('wikipedia', 7), ('added', 6)]"
Talk:Pulp and paper industry,"[('user', 14), ('utc', 12), ('small', 9), ('preceding', 8), ('wikipedia', 8), ('talk', 8), ('comment', 8), ('added', 8), ('special', 8), ('autosigned', 7)]"
Talk:Semiconductor industry,"[('user', 3), ('assignment', 2), ('course', 1), ('wikipedia', 1), ('spring', 1), ('assignments', 1), ('span', 1), ('last', 1), ('updated', 1), ('talk', 1)]"
Talk:Software industry,"[('user', 38), ('software', 36), ('utc', 18), ('talk', 18), ('span', 12), ('color', 10), ('http', 8), ('magazine', 7), ('2009', 7), ('would', 6)]"
Talk:Space industry,"[('user', 5), ('talk', 4), ('utc', 3), ('industry', 3), ('companies', 3), ('d02d', 3), ('see', 2), ('http', 2), ('sub', 2), ('solid', 2)]"
Talk:Sport industry,"[('sports', 6), ('article', 4), ('industry', 4), ('business', 3), ('sources', 2), ('since', 2), ('definition', 2), ('sport', 2), ('related', 2), ('goods', 2)]"
Talk:Sugar industry,"[('article', 5), ('sugar', 4), ('market', 3), ('https', 2), ('user', 2), ('traded', 2), ('claim', 2), ('hlhj', 2), ('added', 2), ('old', 2)]"
Talk:Textile industry,"[('user', 59), ('talk', 39), ('utc', 28), ('article', 20), ('industry', 16), ('wikipedia', 14), ('textile', 13), ('wp', 13), ('link', 11), ('color', 11)]"
Talk:Tobacco industry,"[('tobacco', 38), ('user', 21), ('utc', 17), ('industry', 14), ('article', 11), ('wikipedia', 9), ('companies', 8), ('http', 7), ('company', 7), ('ranking', 7)]"
Talk:Water industry,"[('user', 3), ('please', 2), ('https', 2), ('changes', 2), ('span', 2), ('color', 2), ('hello', 1), ('fellow', 1), ('wikipedians', 1), ('modified', 1)]"
Talk:Wood industry,"[('user', 9), ('wood', 6), ('article', 6), ('http', 6), ('talk', 5), ('utc', 5), ('industry', 5), ('would', 5), ('e', 5), ('economy', 4)]"
